{
  "svo_train": {
    "collision_rate": [
      0.69,
      0.61,
      0.23,
      0.0,
      0.0,
      0.0,
      0.01,
      0.07,
      0.03,
      0.0,
      0.0,
      0.0,
      0.0,
      0.0,
      0.0,
      0.01,
      0.06,
      0.0,
      0.0,
      0.0,
      0.01,
      0.01,
      0.0,
      0.0,
      0.0,
      0.07,
      0.01,
      0.0,
      0.04,
      0.14,
      0.0,
      0.0,
      0.0,
      0.0,
      0.0,
      0.0,
      0.0,
      0.0,
      0.03,
      0.02,
      0.0,
      0.0,
      0.0,
      0.01,
      0.01,
      0.0,
      0.0,
      0.0,
      0.02,
      0.03
    ],
    "success_rate": [
      0.22,
      0.29,
      0.38,
      0.41,
      0.21,
      0.43,
      0.31,
      0.31,
      0.31,
      0.34,
      0.34,
      0.2,
      0.24,
      0.33,
      0.25,
      0.3,
      0.22,
      0.32,
      0.26,
      0.28,
      0.36,
      0.26,
      0.33,
      0.28,
      0.37,
      0.21,
      0.31,
      0.3,
      0.27,
      0.27,
      0.3,
      0.35,
      0.24,
      0.36,
      0.37,
      0.29,
      0.35,
      0.34,
      0.35,
      0.34,
      0.29,
      0.23,
      0.29,
      0.31,
      0.26,
      0.31,
      0.29,
      0.3,
      0.26,
      0.27
    ],
    "avg_reward_1": [
      418.92704426161635,
      296.6812460762844,
      145.68334116634574,
      16.87138861341398,
      6.296834457636495,
      21.091923604956865,
      13.244958922740878,
      7.060686444664779,
      11.166445808738784,
      15.767074532514368,
      14.693105196355745,
      6.637934130024445,
      10.202951355748393,
      15.46822201017191,
      10.69414891052478,
      12.915465974006345,
      2.8803962806257966,
      14.902599677800318,
      11.479812489576478,
      12.66858121704408,
      16.603508713122313,
      10.09933619628685,
      16.16827904222895,
      13.032458497310142,
      18.42802417666297,
      1.9206795640802732,
      13.743258530101572,
      13.91270685112945,
      8.163248809487829,
      -0.706554777590086,
      13.886133413484702,
      16.79555001427012,
      10.177413813463598,
      17.55322930830744,
      18.145862895199162,
      13.428960382060444,
      16.52150259473866,
      16.013697619370504,
      13.825229475779738,
      14.06216983117963,
      13.20686617523,
      9.068697139117248,
      13.131461821908225,
      13.261951420953778,
      10.051142746354188,
      13.73855154728298,
      13.266474692848771,
      13.950335131170627,
      8.981468301099273,
      9.084467077514981
    ],
    "avg_reward_2": [
      349.0664844145456,
      857.2817079989666,
      3830.712119721795,
      6270.166747892637,
      7111.322767678387,
      6095.870453986044,
      6728.3587563741285,
      6162.494467904125,
      6485.362622086682,
      6628.753394192606,
      7080.466470169127,
      7371.947740657551,
      7174.383522165528,
      6791.361596879093,
      7101.887806737734,
      6744.229818551327,
      6735.077771386833,
      6663.72367212017,
      7010.176132799472,
      6932.885335670345,
      6422.768534273698,
      6773.85436456161,
      6584.395579886003,
      6866.41832838631,
      6334.777296811459,
      6488.347656262714,
      6491.016056298972,
      6760.2148099999995,
      6545.769348180063,
      5654.306786372887,
      6739.692996666668,
      6496.751218333333,
      7129.305876666668,
      6568.458359999999,
      6445.307703714984,
      6931.338709999999,
      6586.739213418485,
      6631.700983952734,
      6161.573998384875,
      6436.936694483307,
      6922.366728333332,
      7200.808711666667,
      6910.423546666666,
      6731.66068875997,
      6930.347555519908,
      6869.183896666667,
      6946.901126666667,
      6861.392736666667,
      6719.289884112913,
      6740.029580578577
    ],
    "avg_steps": [
      52.49,
      58.31,
      120.25,
      161.5,
      178.31,
      158.2,
      169.89,
      158.66,
      164.35,
      166.99,
      175.18,
      179.46,
      175.59,
      168.32,
      174.0,
      167.48,
      168.2,
      166.88,
      174.16,
      170.7,
      160.91,
      169.36,
      163.32,
      168.89,
      159.35,
      164.13,
      164.47,
      169.18,
      165.78,
      146.72,
      169.21,
      164.21,
      175.97,
      162.69,
      162.03,
      171.66,
      165.28,
      166.9,
      159.88,
      164.3,
      171.73,
      177.8,
      170.62,
      168.9,
      173.23,
      172.06,
      171.01,
      169.64,
      169.93,
      168.4
    ]
  },
  "nosvo_train": {
    "collision_rate": [
      0.73,
      0.71,
      0.43,
      0.16,
      0.0,
      0.0,
      0.0,
      0.0,
      0.0,
      0.0,
      0.0,
      0.04,
      0.01,
      0.04,
      0.01,
      0.04,
      0.04,
      0.04,
      0.0,
      0.02,
      0.0,
      0.01,
      0.04,
      0.05,
      0.03,
      0.04,
      0.0,
      0.0,
      0.01,
      0.0,
      0.0,
      0.0,
      0.01,
      0.04,
      0.03,
      0.01,
      0.0,
      0.01,
      0.0,
      0.0,
      0.0,
      0.0,
      0.0,
      0.0,
      0.0,
      0.01,
      0.01,
      0.02,
      0.02,
      0.02
    ],
    "success_rate": [
      0.21,
      0.27,
      0.45,
      0.81,
      1.0,
      0.98,
      0.97,
      0.84,
      0.96,
      0.94,
      0.92,
      0.95,
      0.9,
      0.84,
      0.99,
      0.96,
      0.96,
      0.96,
      1.0,
      0.97,
      1.0,
      0.95,
      0.96,
      0.95,
      0.97,
      0.93,
      1.0,
      0.98,
      0.99,
      1.0,
      1.0,
      1.0,
      0.99,
      0.96,
      0.97,
      0.91,
      1.0,
      0.99,
      1.0,
      1.0,
      1.0,
      1.0,
      1.0,
      1.0,
      1.0,
      0.99,
      0.99,
      0.98,
      0.98,
      0.98
    ],
    "avg_reward_1": [
      502.2876229930043,
      283.7142645378875,
      766.5985185769404,
      2024.4135536905828,
      2879.916591666666,
      3665.4349117694837,
      3447.9614367020326,
      4150.935394727554,
      3172.3713997476175,
      3859.9454585061994,
      3547.8737296647346,
      1811.7217958684896,
      3286.5353268233475,
      2766.7107837281615,
      1987.2357784419446,
      1695.1607831833794,
      1799.1180199671476,
      1575.0419651982074,
      1997.0873183972267,
      2397.215752994998,
      1975.1624478036742,
      2346.577301397113,
      1576.669418039215,
      1742.220066820004,
      2149.890171324955,
      2563.2288897336957,
      2114.8659866666667,
      2477.320021666667,
      1628.3758578496113,
      1936.6146124775612,
      1351.3689234313636,
      1322.173420122937,
      1410.0554072340447,
      1522.9094750790557,
      1926.437450639415,
      2471.8938036060504,
      1920.642855,
      2200.068267189471,
      1914.4007663948976,
      1923.5855216666664,
      1612.2247433333332,
      1618.9064201416206,
      1624.4547281908838,
      1454.939330349715,
      1449.7834271430554,
      1454.6998160843382,
      1288.391676351404,
      1300.1603873909935,
      1691.0088739040011,
      1356.7903407042663
    ],