{
  "angles_deg": [
    0,
    15,
    30,
    45,
    60,
    75,
    90
  ],
  "success_rate": [
    1.0,
    0.0,
    0.0,
    0.0,
    0.0,
    0.0,
    0.0
  ],
  "collision_rate": [
    0.0,
    0.0,
    0.0,
    0.0,
    0.0,
    0.0,
    0.0
  ],
  "avg_reward_1": [
    1259.503833333333,
    -3.8366666666666607,
    -4.075000000000019,
    -3.9991934055138727,
    -4.107500000000001,
    -5.803510239340198,
    -4.022999999999988
  ],
  "avg_reward_2": [
    56.94349999999999,
    8112.564833333337,
    8112.220333333334,
    7962.074139927821,
    8062.269833333334,
    8362.642823093995,
    8162.244500000001
  ]
}