{
  "collision_rate": [
    0.7,
    0.67,
    0.4,
    0.03,
    0.0,
    0.0,
    0.0,
    0.0,
    0.04,
    0.0,
    0.0,
    0.0,
    0.0,
    0.0,
    0.0,
    0.0,
    0.0,
    0.03,
    0.06,
    0.01,
    0.0,
    0.01,
    0.0,
    0.0,
    0.0,
    0.0,
    0.0,
    0.0,
    0.0,
    0.0,
    0.0,
    0.0,
    0.0,
    0.0,
    0.0,
    0.0,
    0.0,
    0.0,
    0.0,
    0.0,
    0.0,
    0.0,
    0.0,
    0.0,
    0.0,
    0.0,
    0.0,
    0.0,
    0.0,
    0.0
  ],
  "success_rate": [
    0.23,
    0.13,
    0.17,
    0.23,
    0.36,
    0.44,
    0.56,
    0.44,
    0.32,
    0.51,
    0.53,
    0.49,
    0.43,
    0.44,
    0.36,
    0.43,
    0.47,
    0.41,
    0.38,
    0.42,
    0.44,
    0.42,
    0.44,
    0.43,
    0.44,
    0.47,
    0.28,
    0.31,
    0.32,
    0.32,
    0.38,
    0.3,
    0.39,
    0.3,
    0.37,
    0.32,
    0.43,
    0.35,
    0.27,
    0.33,
    0.33,
    0.46,
    0.35,
    0.31,
    0.33,
    0.32,
    0.35,
    0.4,
    0.38,
    0.38
  ],
  "avg_reward_1": [
    947.2444726679875,
    81.00269591904292,
    135.73770478174987,
    4.482121380983625,
    17.254495783236166,
    23.369036591919524,
    31.876307730122186,
    23.714657049907085,
    10.637706418596888,
    28.587598144636374,
    30.152645866077645,
    27.19552046651163,
    23.524113144494617,
    24.29358549518524,
    18.66179262748558,
    23.471857870128837,
    25.854415803115092,
    18.457769064112227,
    14.260622503577833,
    21.55227060718947,
    23.087142621703617,
    20.81079987050298,
    23.91518811011649,
    22.664095074528845,
    24.153413561814563,
    26.034743136656115,
    11.186612502722465,
    12.940069137604537,
    14.278058371599085,
    13.280746612832072,
    19.089528820788953,
    12.436867962819123,
    19.683794747984596,
    11.47675510492539,
    17.913741599956847,
    14.247486015619268,
    22.55412423638095,
    16.235107375393692,
    9.385688583122095,
    14.517229652402653,
    15.465437493787803,
    25.012889508545914,
    16.58850125720215,
    12.84363045474163,
    14.940812239315585,
    14.564036640911734,
    16.00138956626075,
    20.444355781796666,
    18.76748247092809,
    19.583285035945533
  ],
  "avg_reward_2": [
    1069.5933461574507,
    3213.631968742359,
    5562.0907379572445,
    14154.748788130724,
    12829.22929081355,
    11782.271086403678,
    9796.297047272135,
    11483.17535830404,
    12718.199061025467,
    10823.371468585701,
    10374.871079132732,
    10928.214269506278,
    11846.207951589256,
    11750.349657435147,
    13101.889251144086,
    11979.874794773996,
    11250.13852891434,
    11392.27723035069,
    11287.729223228136,
    11943.203479110618,
    12533.56363666667,
    12527.526887080992,
    11981.525695000002,
    12148.875317471935,
    11800.915750257978,
    11321.33129498324,
    14061.954717005014,
    13833.274931666665,
    14013.927016666667,
    13770.384640000002,
    13107.52321987382,
    14119.881411666665,
    12745.962364454028,
    14000.863168333331,
    13363.080041666664,
    13762.370428333335,
    12306.020373333335,
    13586.430493333335,
    14741.93686333333,
    13883.598393333335,
    13853.10269333333,
    11910.97974980939,
    13488.002506666666,
    14201.072416666668,
    13912.590896666665,
    14018.083351666664,
    13540.946643333335,
    12551.948174881732,
    13038.36672747833,
    12978.907894554546
  ],
  "avg_steps": [
    76.78,
    111.92,
    217.35,
    323.65,
    295.45,
    274.34,
    233.77,
    269.7,
    293.34,
    251.95,
    243.8,
    255.49,
    273.97,
    271.65,
    297.96,
    275.18,
    262.24,
    269.63,
    265.6,
    276.36,
    284.59,
    284.71,
    273.44,
    278.48,
    272.38,
    264.66,
    326.36,
    316.81,
    316.74,
    313.41,
    295.38,
    320.14,
    290.16,
    318.41,
    299.73,
    313.5,
    279.75,
    308.0,
    330.98,
    310.01,
    309.73,
    272.14,
    303.86,
    316.35,
    310.46,
    312.86,
    306.0,
    284.67,
    297.29,
    295.01
  ]
}